Point Name,Northing (Y),Easting (X),Elevation (Z),Point Code
P5,2932943.403,423610.53,127.855,CP
P4,2932946.26,423456.974,128.033,CP
P1,2932774.461,423575.89,128.011,CP1
P1,2932774.461,423575.89,128.239,CP1
P2,2932782.271,423474.335,128.221,CP2
P2,2932782.271,423474.335,128.221,CP2
P3,2932816.414,423469.654,127.899,CP3
P4,2932946.26,423456.974,128.033,CP4
P5,2932943.403,423610.53,127.855,CP5
P6,2932860.995,423561.674,128.022,CP6
P7,2932826.84,423581.681,128.116,CP7